{"cameraMode":{"drawMode":0,"name":"Shaded","section":"Shading Mode"},"sceneLighting":true,"audioPlay":false,"sceneViewState":{"showFog":true,"showMaterialUpdate":false,"showSkybox":true,"showFlares":true,"showImageEffects":true,"showParticleSystems":true,"showVisualEffectGraphs":true,"m_FxEnabled":true},"in2DMode":false,"pivot":{"x":683.6686401367188,"y":237.49147033691407,"z":-17.337615966796876},"rotation":{"x":-0.003309820545837283,"y":0.009596694260835648,"z":-0.000031458701414521784,"w":-0.9999590516090393},"size":228.0413055419922,"orthographic":false}