{"cameraMode":{"drawMode":0,"name":"Shaded","section":"Shading Mode"},"sceneLighting":true,"audioPlay":false,"sceneViewState":{"showFog":true,"showMaterialUpdate":false,"showSkybox":true,"showFlares":true,"showImageEffects":true,"showParticleSystems":true,"showVisualEffectGraphs":true,"m_FxEnabled":true},"in2DMode":false,"pivot":{"x":614.3572387695313,"y":143.16807556152345,"z":526.4509887695313},"rotation":{"x":-0.09466700255870819,"y":0.006567224394530058,"z":-0.0006243030657060444,"w":-0.9954984784126282},"size":593.1467895507813,"orthographic":false}